{
  "storagedrawers:recipes/storagedrawers/one_stack_upgrade": {
    "criteria": {
      "has_template": "2025-03-09 15:54:03 +0100"
    },
    "done": true
  },
  "ae2wtlib:recipe/wireless_universal_terminal/upgrade_pattern_access": {
    "criteria": {
      "has_wit": "2025-03-09 15:54:03 +0100"
    },
    "done": true
  },
  "minecraft:recipes/decorations/crafting_table": {
    "criteria": {
      "unlock_right_away": "2025-03-09 15:54:03 +0100"
    },
    "done": true
  },
  "storagedrawers:recipes/storagedrawers/dark_oak_drawers": {
    "criteria": {
      "has_chest": "2025-03-09 15:54:03 +0100"
    },
    "done": true
  },
  "storagedrawers:recipes/storagedrawers/illumination_upgrade": {
    "criteria": {
      "has_template": "2025-03-09 15:54:03 +0100"
    },
    "done": true
  },
  "mekanism:root": {
    "criteria": {
      "automatic": "2025-03-09 15:54:03 +0100"
    },
    "done": true
  },
  "storagedrawers:recipes/storagedrawers/remote_upgrade": {
    "criteria": {
      "has_template": "2025-03-09 15:54:03 +0100"
    },
    "done": true
  },
  "storagedrawers:recipes/storagedrawers/cherry_drawers": {
    "criteria": {
      "has_chest": "2025-03-09 15:54:03 +0100"
    },
    "done": true
  },
  "storagedrawers:recipes/storagedrawers/personal_key_cofh": {
    "criteria": {
      "has_template": "2025-03-09 15:54:03 +0100"
    },
    "done": true
  },
  "storagedrawers:recipes/storagedrawers/bamboo_drawers": {
    "criteria": {
      "has_chest": "2025-03-09 15:54:03 +0100"
    },
    "done": true
  },
  "storagedrawers:recipes/storagedrawers/acacia_trim": {
    "criteria": {
      "has_planks": "2025-03-09 15:54:03 +0100"
    },
    "done": true
  },
  "storagedrawers:recipes/storagedrawers/priority_key": {
    "criteria": {
      "has_template": "2025-03-09 15:54:03 +0100"
    },
    "done": true
  },
  "ae2wtlib:recipe/wireless_pattern_encoding_terminal": {
    "criteria": {
      "has_wt": "2025-03-09 15:54:03 +0100"
    },
    "done": true
  },
  "ae2wtlib:recipe/wireless_universal_terminal/upgrade_crafting": {
    "criteria": {
      "has_wct": "2025-03-09 15:54:03 +0100"
    },
    "done": true
  },
  "storagedrawers:recipes/storagedrawers/warped_drawers": {
    "criteria": {
      "has_chest": "2025-03-09 15:54:03 +0100"
    },
    "done": true
  },
  "storagedrawers:recipes/storagedrawers/cherry_trim": {
    "criteria": {
      "has_planks": "2025-03-09 15:54:03 +0100"
    },
    "done": true
  },
  "storagedrawers:recipes/storagedrawers/framing_table": {
    "criteria": {
      "has_chest": "2025-03-09 15:54:03 +0100"
    },
    "done": true
  },
  "storagedrawers:recipes/storagedrawers/gold_storage_upgrade": {
    "criteria": {
      "has_template": "2025-03-09 15:54:03 +0100"
    },
    "done": true
  },
  "ae2wtlib:recipe/magnet_card": {
    "criteria": {
      "has_wct": "2025-03-09 15:54:03 +0100"
    },
    "done": true
  },
  "storagedrawers:recipes/storagedrawers/jungle_drawers": {
    "criteria": {
      "has_chest": "2025-03-09 15:54:03 +0100"
    },
    "done": true
  },
  "storagedrawers:recipes/storagedrawers/birch_trim": {
    "criteria": {
      "has_planks": "2025-03-09 15:54:03 +0100"
    },
    "done": true
  },
  "storagedrawers:recipes/storagedrawers/void_upgrade": {
    "criteria": {
      "has_template": "2025-03-09 15:54:03 +0100"
    },
    "done": true
  },
  "storagedrawers:recipes/storagedrawers/fill_level_upgrade": {
    "criteria": {
      "has_template": "2025-03-09 15:54:03 +0100"
    },
    "done": true
  },
  "storagedrawers:recipes/storagedrawers/crimson_drawers": {
    "criteria": {
      "has_chest": "2025-03-09 15:54:03 +0100"
    },
    "done": true
  },
  "ae2wtlib:recipe/wireless_pattern_access_terminal": {
    "criteria": {
      "has_wt": "2025-03-09 15:54:03 +0100"
    },
    "done": true
  },
  "mffs:grant_book_on_first_join": {
    "criteria": {
      "guidebook": "2025-03-09 15:54:03 +0100"
    },
    "done": true
  },
  "ae2wtlib:recipe/wireless_universal_terminal/upgrade_pattern_encoding": {
    "criteria": {
      "has_wpt": "2025-03-09 15:54:03 +0100"
    },
    "done": true
  },
  "ae2wtlib:recipe/quantum_bridge_card": {
    "criteria": {
      "has_wit": "2025-03-09 15:54:03 +0100",
      "has_wpt": "2025-03-09 15:54:03 +0100",
      "has_wct": "2025-03-09 15:54:03 +0100"
    },
    "done": true
  },
  "storagedrawers:recipes/storagedrawers/oak_trim": {
    "criteria": {
      "has_planks": "2025-03-09 15:54:03 +0100"
    },
    "done": true
  },
  "storagedrawers:recipes/storagedrawers/emerald_storage_upgrade": {
    "criteria": {
      "has_template": "2025-03-09 15:54:03 +0100"
    },
    "done": true
  },
  "storagedrawers:recipes/storagedrawers/obsidian_storage_upgrade": {
    "criteria": {
      "has_template": "2025-03-09 15:54:03 +0100"
    },
    "done": true
  },
  "storagedrawers:recipes/storagedrawers/iron_storage_upgrade": {
    "criteria": {
      "has_template": "2025-03-09 15:54:03 +0100"
    },
    "done": true
  },
  "ae2wtlib:recipe/wireless_universal_terminal/ce": {
    "criteria": {
      "has_wpt": "2025-03-09 15:54:03 +0100",
      "has_wct": "2025-03-09 15:54:03 +0100"
    },
    "done": true
  },
  "ae2wtlib:recipe/wireless_universal_terminal/ca": {
    "criteria": {
      "has_wit": "2025-03-09 15:54:03 +0100",
      "has_wct": "2025-03-09 15:54:03 +0100"
    },
    "done": true
  },
  "storagedrawers:recipes/storagedrawers/compacting_drawers": {
    "criteria": {
      "has_chest": "2025-03-09 15:54:03 +0100"
    },
    "done": true
  },
  "storagedrawers:recipes/storagedrawers/diamond_storage_upgrade": {
    "criteria": {
      "has_template": "2025-03-09 15:54:03 +0100"
    },
    "done": true
  },
  "storagedrawers:recipes/storagedrawers/acacia_drawers": {
    "criteria": {
      "has_chest": "2025-03-09 15:54:03 +0100"
    },
    "done": true
  },
  "storagedrawers:recipes/storagedrawers/remote_group_upgrade": {
    "criteria": {
      "has_template": "2025-03-09 15:54:03 +0100"
    },
    "done": true
  },
  "storagedrawers:recipes/storagedrawers/drawer_puller": {
    "criteria": {
      "has_template": "2025-03-09 15:54:03 +0100"
    },
    "done": true
  },
  "ae2wtlib:recipe/wireless_universal_terminal/ae": {
    "criteria": {
      "has_wit": "2025-03-09 15:54:03 +0100",
      "has_wpt": "2025-03-09 15:54:03 +0100"
    },
    "done": true
  },
  "storagedrawers:recipes/storagedrawers/crimson_trim": {
    "criteria": {
      "has_planks": "2025-03-09 15:54:03 +0100"
    },
    "done": true
  },
  "storagedrawers:recipes/storagedrawers/shroud_key": {
    "criteria": {
      "has_template": "2025-03-09 15:54:03 +0100"
    },
    "done": true
  },
  "storagedrawers:recipes/storagedrawers/portability_upgrade": {
    "criteria": {
      "has_template": "2025-03-09 15:54:03 +0100"
    },
    "done": true
  },
  "storagedrawers:recipes/storagedrawers/upgrade_template": {
    "criteria": {
      "has_chest": "2025-03-09 15:54:03 +0100"
    },
    "done": true
  },
  "storagedrawers:recipes/storagedrawers/drawer_key": {
    "criteria": {
      "has_template": "2025-03-09 15:54:03 +0100"
    },
    "done": true
  },
  "storagedrawers:recipes/storagedrawers/oak_drawers": {
    "criteria": {
      "has_chest": "2025-03-09 15:54:03 +0100"
    },
    "done": true
  },
  "storagedrawers:recipes/storagedrawers/min_redstone_upgrade": {
    "criteria": {
      "has_template": "2025-03-09 15:54:03 +0100"
    },
    "done": true
  },
  "storagedrawers:recipes/storagedrawers/keyring": {
    "criteria": {
      "has_template": "2025-03-09 15:54:03 +0100"
    },
    "done": true
  },
  "storagedrawers:recipes/storagedrawers/detached_drawer": {
    "criteria": {
      "has_chest": "2025-03-09 15:54:03 +0100"
    },
    "done": true
  },
  "storagedrawers:recipes/storagedrawers/personal_key": {
    "criteria": {
      "has_template": "2025-03-09 15:54:03 +0100"
    },
    "done": true
  },
  "storagedrawers:recipes/storagedrawers/warped_trim": {
    "criteria": {
      "has_planks": "2025-03-09 15:54:03 +0100"
    },
    "done": true
  },
  "storagedrawers:recipes/storagedrawers/jungle_trim": {
    "criteria": {
      "has_planks": "2025-03-09 15:54:03 +0100"
    },
    "done": true
  },
  "storagedrawers:recipes/storagedrawers/max_redstone_upgrade": {
    "criteria": {
      "has_template": "2025-03-09 15:54:03 +0100"
    },
    "done": true
  },
  "storagedrawers:recipes/storagedrawers/mangrove_drawers": {
    "criteria": {
      "has_chest": "2025-03-09 15:54:03 +0100"
    },
    "done": true
  },
  "storagedrawers:recipes/storagedrawers/birch_drawers": {
    "criteria": {
      "has_chest": "2025-03-09 15:54:03 +0100"
    },
    "done": true
  },
  "storagedrawers:recipes/storagedrawers/controller": {
    "criteria": {
      "has_chest": "2025-03-09 15:54:03 +0100"
    },
    "done": true
  },
  "modern_industrialization:guidebook": {
    "criteria": {
      "logged_in": "2025-03-09 15:54:03 +0100"
    },
    "done": true
  },
  "storagedrawers:recipes/storagedrawers/bamboo_trim": {
    "criteria": {
      "has_planks": "2025-03-09 15:54:03 +0100"
    },
    "done": true
  },
  "storagedrawers:recipes/storagedrawers/controller_io": {
    "criteria": {
      "has_chest": "2025-03-09 15:54:03 +0100"
    },
    "done": true
  },
  "storagedrawers:recipes/storagedrawers/spruce_drawers": {
    "criteria": {
      "has_chest": "2025-03-09 15:54:03 +0100"
    },
    "done": true
  },
  "storagedrawers:recipes/storagedrawers/mangrove_trim": {
    "criteria": {
      "has_planks": "2025-03-09 15:54:03 +0100"
    },
    "done": true
  },
  "storagedrawers:recipes/storagedrawers/redstone_upgrade": {
    "criteria": {
      "has_template": "2025-03-09 15:54:03 +0100"
    },
    "done": true
  },
  "storagedrawers:recipes/storagedrawers/spruce_trim": {
    "criteria": {
      "has_planks": "2025-03-09 15:54:03 +0100"
    },
    "done": true
  },
  "storagedrawers:recipes/storagedrawers/quantify_key": {
    "criteria": {
      "has_template": "2025-03-09 15:54:03 +0100"
    },
    "done": true
  },
  "storagedrawers:recipes/storagedrawers/dark_oak_trim": {
    "criteria": {
      "has_planks": "2025-03-09 15:54:03 +0100"
    },
    "done": true
  },
  "storagedrawers:recipes/storagedrawers/balance_fill_upgrade": {
    "criteria": {
      "has_template": "2025-03-09 15:54:03 +0100"
    },
    "done": true
  },
  "supplementaries:adventure/way_sign": {
    "criteria": {
      "bastion": "2025-03-09 15:54:04 +0100"
    },
    "done": true
  },
  "minecraft:adventure/adventuring_time": {
    "criteria": {
      "minecraft:plains": "2025-03-09 15:54:04 +0100"
    },
    "done": false
  },
  "ae2:main/controller": {
    "criteria": {
      "certus": "2025-03-09 15:54:22 +0100"
    },
    "done": true
  },
  "integrateddynamics:root": {
    "criteria": {
      "criteria_0": "2025-03-09 15:54:23 +0100"
    },
    "done": true
  },
  "ae2:recipes/misc/network/wireless_crafting_terminal": {
    "criteria": {
      "has_terminal": "2025-03-09 15:54:54 +0100"
    },
    "done": true
  },
  "ae2:main/crafting_terminal": {
    "criteria": {
      "certus": "2025-03-09 15:54:54 +0100"
    },
    "done": true
  },
  "ae2:recipes/misc/network/parts/terminals_pattern_encoding": {
    "criteria": {
      "has_crafting_terminal": "2025-03-09 15:54:54 +0100"
    },
    "done": true
  },
  "extendedae:recipes/misc/wireless_ex_pat": {
    "criteria": {
      "has_item": "2025-03-09 15:54:58 +0100"
    },
    "done": true
  },
  "extendedae:recipes/misc/ex_pattern_access_terminal_upgrade": {
    "criteria": {
      "has_item": "2025-03-09 15:54:58 +0100"
    },
    "done": true
  },
  "ae2:recipes/misc/network/crafting/patterns_blank": {
    "criteria": {
      "has_pattern_encoding_terminal": "2025-03-09 15:55:01 +0100"
    },
    "done": true
  },
  "ae2:main/pattern_encoding_terminal": {
    "criteria": {
      "certus": "2025-03-09 15:55:01 +0100"
    },
    "done": true
  },
  "ae2:recipes/misc/network/cables/smart_fluix_clean": {
    "criteria": {
      "has_smart_cable": "2025-03-09 15:55:07 +0100"
    },
    "done": true
  },
  "advanced_ae:recipes/misc/smallappupgrade": {
    "criteria": {
      "hasItem": "2025-03-09 15:55:31 +0100"
    },
    "done": true
  },
  "advanced_ae:recipes/misc/advpartenc": {
    "criteria": {
      "hasItem": "2025-03-09 15:55:31 +0100"
    },
    "done": true
  },
  "ae2:recipes/misc/network/blocks/io_port": {
    "criteria": {
      "has_drive": "2025-03-09 16:00:15 +0100"
    },
    "done": true
  },
  "ae2:recipes/misc/network/cells/item_storage_cell_256k": {
    "criteria": {
      "has_cell_component_256k": "2025-03-09 16:00:31 +0100"
    },
    "done": true
  },
  "megacells:recipes/misc/cells/cell_component_1m": {
    "criteria": {
      "has_cell_component_256k": "2025-03-09 16:00:31 +0100"
    },
    "done": true
  },
  "megacells:recipes/misc/crafting/radioactive_cell_component": {
    "criteria": {
      "has_cell_component_256k": "2025-03-09 16:00:31 +0100"
    },
    "done": true
  },
  "ae2:recipes/misc/network/cells/item_storage_cell_256k_storage": {
    "criteria": {
      "has_cell_component_256k": "2025-03-09 16:00:31 +0100"
    },
    "done": true
  },
  "appmek:recipes/misc/chemical_storage_cell_256k": {
    "criteria": {
      "has_cell_component_256k": "2025-03-09 16:00:31 +0100"
    },
    "done": true
  },
  "ae2:recipes/misc/network/cells/fluid_storage_cell_256k": {
    "criteria": {
      "has_cell_component_256k": "2025-03-09 16:00:31 +0100"
    },
    "done": true
  },
  "ae2things:recipes/misc/disk_drive_256k_with_housing": {
    "criteria": {
      "has_component": "2025-03-09 16:00:31 +0100"
    },
    "done": true
  },
  "ae2:recipes/misc/network/cells/fluid_storage_cell_256k_storage": {
    "criteria": {
      "has_cell_component_256k": "2025-03-09 16:00:31 +0100"
    },
    "done": true
  },
  "minecraft:recipes/decorations/chest": {
    "criteria": {
      "has_lots_of_items": "2025-03-09 16:00:42 +0100"
    },
    "done": true
  },
  "ae2:main/storage_cell": {
    "criteria": {
      "c256k": "2025-03-09 16:00:42 +0100"
    },
    "done": true
  },
  "ae2:main/network1": {
    "criteria": {
      "cable": "2025-03-09 16:08:17 +0100"
    },
    "done": true
  },
  "extendedae:recipes/misc/ex_pattern_provider_alt": {
    "criteria": {
      "has_item": "2025-03-09 16:08:12 +0100"
    },
    "done": true
  },
  "extendedae:recipes/misc/ex_pattern_provider_upgrade": {
    "criteria": {
      "has_item": "2025-03-09 16:08:12 +0100"
    },
    "done": true
  },
  "DataVersion": 3955
}