{"stats":{"minecraft:mined":{"extendedae:ex_pattern_provider":2},"minecraft:custom":{"minecraft:time_since_rest":44117,"minecraft:crouch_one_cm":460,"minecraft:sprint_one_cm":1235,"minecraft:play_time":44117,"minecraft:walk_one_cm":28945,"minecraft:sneak_time":276,"minecraft:items_inserted":110,"minecraft:jump":56,"minecraft:leave_game":2,"minecraft:time_since_death":44117,"minecraft:total_world_time":44328,"minecraft:items_extracted":48,"minecraft:fall_one_cm":209,"minecraft:fly_one_cm":2519},"minecraft:picked_up":{"ae2:item_storage_cell_256k":31,"integrateddynamics:on_the_dynamics_of_integration":1,"extendedae:ex_pattern_provider":2},"minecraft:used":{"advanced_ae:quantum_accelerator":25,"ae2:creative_energy_cell":5,"advanced_ae:quantum_structure":102,"advanced_ae:quantum_storage_256":2,"ae2:drive":2,"ae2:pattern_encoding_terminal":3,"extendedae:assembler_matrix_crafter":6,"ae2:white_smart_cable":8,"extendedae:assembler_matrix_glass":56,"extendedae:assembler_matrix_frame":51,"advanced_ae:quantum_multi_threader":2,"extendedae:ex_pattern_provider":8,"extendedae:assembler_matrix_speed":8,"advanced_ae:data_entangler":2,"extendedae:assembler_matrix_pattern":18,"advanced_ae:quantum_core":1,"extendedae:ex_pattern_access_part":1,"ae2:controller":7}},"DataVersion":3955}